Title,Director,Cast,Genre,Combined
Elephant in the Room,Asurf Oluseyi,Ramsey Nouah Zainab Sheriff,Romance Comedy,Ramsey Nouah Zainab Sheriff Asurf Oluseyi Romance Comedy
Beyond Blood,Greg Odutayo,Kehinde Bankole Joseph Benjamin Bimbo Manuel Carol King Shan George,Romance Drama,Kehinde Bankole Joseph Benjamin Bimbo Manuel Carol King Shan George Greg Odutayo Romance Drama
Love is in the Hair,Ansa Kpokpogri,Uti Nwachukwu Bishop Ime Toyin Aimakhu Okey Bakassi,Romance Comedy,Uti Nwachukwu Bishop Ime Toyin Aimakhu Okey Bakassi Ansa Kpokpogri Romance Comedy
Couple of Days,Lord Tanner,Lilian Esoro Kiki Omeili Adesua Etomi Ademola Adedoyin,Romance Comedy,Lilian Esoro Kiki Omeili Adesua Etomi Ademola Adedoyin Lord Tanner Romance Comedy
Suru L'ere,Mildred Okwo,Beverly Naya Seun Akindele Kemi Lala Tope Tedela,Comedy Drama,Beverly Naya Seun Akindele Kemi Lala Tope Tedela Mildred Okwo Comedy Drama
93 Days,Steve Gukas,Bimbo Akintola Danny Glover Bimbo Manuel Tim Reid,Documentary Drama,Bimbo Akintola Danny Glover Bimbo Manuel Tim Reid Steve Gukas Documentary Drama
The CEO,Kunle Afolayan,Kemi Lala Akindoju Hilda Dokubo Jimmy Jean-Louis,Drama,Kemi Lala Akindoju Hilda Dokubo Jimmy Jean-Louis Kunle Afolayan Drama
Ghana Must Go,Frank Rajah Arase,Yvonne Okoro Blossom Chukwujekwu Nkem Owoh Ik Ogbonna Ada Ameh,Drama,Yvonne Okoro Blossom Chukwujekwu Nkem Owoh Ik Ogbonna Ada Ameh Frank Rajah Arase Drama
The Wedding Party,Kemi Adetiba,Adesua Etomi Banky Wellington Richard Mofe Damijo Sola Sobowale Iretiola Doyle Alibaba Akporobrome Zainab Balogun Beverly Naya,Romance Comedy Drama,Adesua Etomi Banky Wellington Richard Mofe Damijo Sola Sobowale Iretiola Doyle Alibaba Akporobrome Zainab Balogun Beverly Naya Kemi Adetiba Romance Comedy Drama
The Royal Hibiscus Hotel,Ishaya Bako,Zainab Balogun Kenneth Okolie Deyemi Okanlawon Joke Silva Olu Jacobs Jide Kosoko,Romance Comedy,Zainab Balogun Kenneth Okolie Deyemi Okanlawon Joke Silva Olu Jacobs Jide Kosoko Ishaya Bako Romance Comedy
American Driver,Moses Inwang,Evan King Jim Iyke Nse Ikpe Etim Ayo Makun Emma Nyra Nadia Buari,Comedy,Evan King Jim Iyke Nse Ikpe Etim Ayo Makun Emma Nyra Nadia Buari Moses Inwang Comedy
Sudani from Nigeria,Zakariya,Soubin Shahir Samuel Abiola Robinson,Comedy Drama Family,Soubin Shahir Samuel Abiola Robinson Zakariya Comedy Drama Family
Sobi's Mystic,Biodun Stephen,Bolaji Ogunmola Kunle Remi Mofe Duncan,Drama,Bolaji Ogunmola Kunle Remi Mofe Duncan Biodun Stephen Drama
Lotanna,Toka McBaror,Liz Benson Victor Olaotan Chris Okagbue Ama Abebrese,Drama,Liz Benson Victor Olaotan Chris Okagbue Ama Abebrese Toka McBaror Drama
Isoken,Jadesola Osiberu,Dakore Akande Joseph Benjamin Funke Akindele Marc Rhys,Romance Comedy Drama,Dakore Akande Joseph Benjamin Funke Akindele Marc Rhys Jadesola Osiberu Romance Comedy Drama
10 Days in Sun City,Adze Ugha,Ayo Makun Adesuwa Etomi Richard Mofe-Damijo Mercy Johnson 2Baba,Romance Action Comedy,Ayo Makun Adesuwa Etomi Richard Mofe-Damijo Mercy Johnson 2Baba Adze Ugha Romance Action Comedy
Christmas Is Coming,Ufuoma McDermott,Chioma Chukwuka Deyemi Okanlawon Zack Orji Mary Lazarus,Romance Comedy,Chioma Chukwuka Deyemi Okanlawon Zack Orji Mary Lazarus Ufuoma McDermott Romance Comedy
The Wedding Party 2,Niyi Akinmolayan,Sola Sobowale Patience Ozokwor Adesua Etomi Banky Wellington,Romance Comedy,Sola Sobowale Patience Ozokwor Adesua Etomi Banky Wellington Niyi Akinmolayan Romance Comedy
The Vendor,Odunlade Adekola,Odunlade AdekolaAdunni AdeJide KosokoEniola Ajao,Drama,Odunlade AdekolaAdunni AdeJide KosokoEniola Ajao Odunlade Adekola Drama
Ehi's Bitters,Biodun Stephen,Fathia BalogunDeyemi OkanlawonEnado OdigieDebby Felix,Drama,Fathia BalogunDeyemi OkanlawonEnado OdigieDebby Felix Biodun Stephen Drama
King of Boys,Kemi Adetiba,Adesua EtomiOmoni OboliJide Kosoko Sola SobowaleOsas Ighodaro,Romantic Drama,Adesua EtomiOmoni OboliJide Kosoko Sola SobowaleOsas Ighodaro Kemi Adetiba Romantic Drama
New Money,Tope Oshin Ogun,Kate HenshawDakore AkandeJemima OsundeBlossom ChukwujekwuOsas Ighodaro,Comedy Drama,Kate HenshawDakore AkandeJemima OsundeBlossom ChukwujekwuOsas Ighodaro Tope Oshin Ogun Comedy Drama
Lionheart,Genevieve Nnaji,Genevieve NnajiNkem OwohPete EdochieKanayo O. Kanayo,Action Drama,Genevieve NnajiNkem OwohPete EdochieKanayo O. Kanayo Genevieve Nnaji Action Drama
Boss of All Bosses,Ike Nnaebue,Patience Ozokwor Adunni AdeAkpororoBishop Imeh,Comedy,Patience Ozokwor Adunni AdeAkpororoBishop Imeh Ike Nnaebue Comedy
Ghost and the Tout,Charles Uwagbai,Toyin Abraham Rachael OkonkwoLasisi ElenuOmowunmi Dada,Ghost Comedy,Toyin Abraham Rachael OkonkwoLasisi ElenuOmowunmi Dada Charles Uwagbai Ghost Comedy
What Just Happened,Charles Uwagbai,Ufuoma McDermottOmoni OboliToyin AbrahamMike Ezuruonye,Comedy Drama,Ufuoma McDermottOmoni OboliToyin AbrahamMike Ezuruonye Charles Uwagbai Comedy Drama
Sylvia,Daniel Orhiari,Chris AttohZainab Balogun Ini Dima-Okojie Ijeoma Grace Agu Bolaji Ogunmola,Thriller Drama,Chris AttohZainab Balogun Ini Dima-Okojie Ijeoma Grace Agu Bolaji Ogunmola Daniel Orhiari Thriller Drama
Merry Men: The Real Yoruba Demons,Toka Mcbaror,Ayo MakunFolarin FalanaRamsey NouahOsas IghodaroLilian Esoro,Romantic Comedy,Ayo MakunFolarin FalanaRamsey NouahOsas IghodaroLilian Esoro Toka Mcbaror Romantic Comedy
Chief Daddy,Niyi Akinmolayan,Joke Silva Kate Henshaw Funke Akindele Folarin Falana (Falz) Mawuli Gavor,Comedy Drama,Joke Silva Kate Henshaw Funke Akindele Folarin Falana (Falz) Mawuli Gavor Niyi Akinmolayan Comedy Drama
Up North,Tope Oshin Ogun,Rahama Sadau Kanayo O. Kanayo Adesua Etomi Banky Wellington,Romantic Drama,Rahama Sadau Kanayo O. Kanayo Adesua Etomi Banky Wellington Tope Oshin Ogun Romantic Drama
Levi,Okechukwu Oku,Lydia ForsonNancy Isime Benjamin Joseph Ramsey Nouah,Drama,Lydia ForsonNancy Isime Benjamin Joseph Ramsey Nouah Okechukwu Oku Drama
Let Karma,Biodun Stephen,Evelyn Bada Blossom Chukwujekwu Chucks Chyke Daniel K. Daniel,Drama,Evelyn Bada Blossom Chukwujekwu Chucks Chyke Daniel K. Daniel Biodun Stephen Drama
Obey,Martinz Nnaji Jr.,Jibola Dabo Debby Felix Anthony Monjaro,Drama,Jibola Dabo Debby Felix Anthony Monjaro Martinz Nnaji Jr. Drama
Loving Daniella,Ike Nnaebue,Blossom Chukwujekwu Theresa Edem Alexx Ekubo,Romance Drama,Blossom Chukwujekwu Theresa Edem Alexx Ekubo Ike Nnaebue Romance Drama
Chains,Andrew Osawuru,Josephine Agbonmwanre Sharon Eronmwansuyi Calistra Akenobo Edgar Ogbeifun Success Akpojotor,Drama,Josephine Agbonmwanre Sharon Eronmwansuyi Calistra Akenobo Edgar Ogbeifun Success Akpojotor Andrew Osawuru Drama
Kuvana,Edward Uka,Ifeanyi Kalu Sambasa Nzeribe Wale Ojo Emmanuel Okhakhu,Drama,Ifeanyi Kalu Sambasa Nzeribe Wale Ojo Emmanuel Okhakhu Edward Uka Drama
Nimbe,Tope Alake,Doyin Abiola Toyin Abraham Odunlade Adekola Bukola Beecraft-Shofola,Drama Action Crime,Doyin Abiola Toyin Abraham Odunlade Adekola Bukola Beecraft-Shofola Tope Alake Drama Action Crime
Blood & Oil,Curtis Graham,Michael Douglas Cake Alket Kellichi William R. Moses,Action Thriller,Michael Douglas Cake Alket Kellichi William R. Moses Curtis Graham Action Thriller
Bling Lagosians,Bolanle Austen-Peters,Bunmi Aboderin Toyin Abraham Tana Adelana Osas Ighodaro Ajibade,Drama,Bunmi Aboderin Toyin Abraham Tana Adelana Osas Ighodaro Ajibade Bolanle Austen-Peters Drama
Coming From Insanity,Akinyemi Sebastian Akinropo,Gabriel Afolayan Damilola Adegbite Bolanle Ninalowo Wale Ojo,Crime Drama,Gabriel Afolayan Damilola Adegbite Bolanle Ninalowo Wale Ojo Akinyemi Sebastian Akinropo Crime Drama
Love is War,Omoni Oboli,Richard Mofe Damijo Shaffy Bello William BensonYemi Blaq,Drama,Richard Mofe Damijo Shaffy Bello William BensonYemi Blaq Omoni Oboli Drama
Three Thieves,Udoka Oyeka,Shawn Faqua Koye Kekere-EkunFrank Donga,Crime Comedy,Shawn Faqua Koye Kekere-EkunFrank Donga Udoka Oyeka Crime Comedy
Elevator Baby,Akay Mason,Toyin Abraham Timini Egbuson Sambasa Nzeribe Samuel Olatunji Emem Ufot Shafy Bello,Drama Comedy,Toyin Abraham Timini Egbuson Sambasa Nzeribe Samuel Olatunji Emem Ufot Shafy Bello Akay Mason Drama Comedy
The Herbert Macaulay Affair,Imoh Umoren,William Benson Saidi Balogun Kelechi Udegbe Martha Ehinome Orhiere,Drama,William Benson Saidi Balogun Kelechi Udegbe Martha Ehinome Orhiere Imoh Umoren Drama
Kpali,Ladipo Johnson,Ini Dima-Okojie Nkem Owoh Gloria Anozie Young Linda Ejiofor Kunle Remi,Comedy,Ini Dima-Okojie Nkem Owoh Gloria Anozie Young Linda Ejiofor Kunle Remi Ladipo Johnson Comedy
Akpe: Return of the Beast,Toka McBaror,Jide Kosoko Juliet Ibrahim Bolanle Ninalowo Daniel Lloyd,Comedy,Jide Kosoko Juliet Ibrahim Bolanle Ninalowo Daniel Lloyd Toka McBaror Comedy
The Legend of Inikpi,Frank Rajah Arase,Mercy Johnson Okojie Sam Dede Odunlade Adekola Saidi Balogun Paul Obazele,History Drama,Mercy Johnson Okojie Sam Dede Odunlade Adekola Saidi Balogun Paul Obazele Frank Rajah Arase History Drama
Small Chops,Robert Peters,Eucharia Anunobi Nkem Owoh Rachael Okonkwo Hafiz Oyetoro Toyin Abraham,Drama,Eucharia Anunobi Nkem Owoh Rachael Okonkwo Hafiz Oyetoro Toyin Abraham Robert Peters Drama
Special Jollof,Emem Isong,Joseph Benjamin Uche Jombo Femi Adebayo,Romance Comedy Drama,Joseph Benjamin Uche Jombo Femi Adebayo Emem Isong Romance Comedy Drama
Dear Affy,Samuel Olatunji,Toyin Abraham Enyinna Nwigwe Kehinde Bankole Odunlade Adekola,Romance Comedy Drama,Toyin Abraham Enyinna Nwigwe Kehinde Bankole Odunlade Adekola Samuel Olatunji Romance Comedy Drama
Muddled,Best Okoduwa,Belinda Effah Sophie Alakija Felix Ugo Omokhodion Kunle Remi,Drama,Belinda Effah Sophie Alakija Felix Ugo Omokhodion Kunle Remi Best Okoduwa Drama
The Cock-Tale,Joshua Ojo,Ronke Ojo Olaniyi Afonja Lanre Hassan Saheed Balogun,Comedy Drama,Ronke Ojo Olaniyi Afonja Lanre Hassan Saheed Balogun Joshua Ojo Comedy Drama
Handicapped,Seun Arowojolu,Valerie Udemba Rotimi Salami Kunle Idowu Chimezie Imo,Drama Documentary,Valerie Udemba Rotimi Salami Kunle Idowu Chimezie Imo Seun Arowojolu Drama Documentary
Who's the boss,Naz Onuzo,Funke Akindele Blossom Chukwujekwu Segun Arinze Ini Dima-Okojie,Romance Comedy,Funke Akindele Blossom Chukwujekwu Segun Arinze Ini Dima-Okojie Naz Onuzo Romance Comedy
Unroyal,Moses Inwang,Shaffy Bello Blossom Chukwujekwu IK Ogbonna Linda Osifo,Contemporary Royal Drama,Shaffy Bello Blossom Chukwujekwu IK Ogbonna Linda Osifo Moses Inwang Contemporary Royal Drama
Mama Drama,Seyi Babatope,Osas Ighodaro Kehinde Bankole Kunle Remi Shaffy Bello,Comedy Drama,Osas Ighodaro Kehinde Bankole Kunle Remi Shaffy Bello Seyi Babatope Comedy Drama
Our Jesus Story,Tchidi Chikere,Eucharia Anunuobi Zack Orji Sam Dede,Thriller,Eucharia Anunuobi Zack Orji Sam Dede Tchidi Chikere Thriller
Soft Work,Darasen Richards,Frank Donga Akin Lewis Shaffy Bello Sanni Mu Alexx Ekubo IK Ogbonna,Action Drama,Frank Donga Akin Lewis Shaffy Bello Sanni Mu Alexx Ekubo IK Ogbonna Darasen Richards Action Drama
Fate of Alakada: The Party Planner,Kayode Kasum,Toyin Abraham Mercy Eke Broda Shaggi,Action Comedy,Toyin Abraham Mercy Eke Broda Shaggi Kayode Kasum Action Comedy
Kakanfo,David Dida Tella,Bimbo Oshin Antar Laniyan Dele Odule,Adventure Drama,Bimbo Oshin Antar Laniyan Dele Odule David Dida Tella Adventure Drama
This Lady Called Life,Kayode Kasum,Bisola Aiyeola Efa Iwara,Drama,Bisola Aiyeola Efa Iwara Kayode Kasum Drama
Rise of the Saints,Samuel O . Olateru,Deyemi Okanlawon Rachel Oniga Tina Mba,Drama,Deyemi Okanlawon Rachel Oniga Tina Mba Samuel O . Olateru Drama
Lemonade,Lummie Edevibe,Kunle Remi Ayoola Ayolola Dino Melaye Linda Osifo,Drama Comedy,Kunle Remi Ayoola Ayolola Dino Melaye Linda Osifo Lummie Edevibe Drama Comedy
Lagos to Abuja Coach,Olamide Balogun,Akin Lewis Adunni Ade Tina Mba Maryam Booth,Drama,Akin Lewis Adunni Ade Tina Mba Maryam Booth Olamide Balogun Drama
Citation,Kunle Afolayan,Temi Otedola Jimmy Jean-Lewis Kunle Afolayan Joke Silva Ibukun Awosika,Drama Thriller,Temi Otedola Jimmy Jean-Lewis Kunle Afolayan Joke Silva Ibukun Awosika Kunle Afolayan Drama Thriller
Ratnik,Dimeji Ajibola,Osas Ighodaro Bolanle Ninalowo Adunni Ade Karibi Fubara,Sci-fi Comedy Fantasy Horror,Osas Ighodaro Bolanle Ninalowo Adunni Ade Karibi Fubara Dimeji Ajibola Sci-fi Comedy Fantasy Horror
Rattlesnake: The Ahanna story,Ramsey Noah,Stan Nze Osas Ighodaro Bucci Franklin Efa Iwara,Action Crime Drama,Stan Nze Osas Ighodaro Bucci Franklin Efa Iwara Ramsey Noah Action Crime Drama
The Good Husband,Dickson Iroegbu,Monalisa Chinda Coker Francis Duru Sam Dede Bassey Ekpeyong Bassey,Drama,Monalisa Chinda Coker Francis Duru Sam Dede Bassey Ekpeyong Bassey Dickson Iroegbu Drama
The New Normal,Teni Olatoni,Richard Mofe Damijo Mercy Johnson-Okojie Kehinde Bankole Bimbo Akintola,Drama Documentary,Richard Mofe Damijo Mercy Johnson-Okojie Kehinde Bankole Bimbo Akintola Teni Olatoni Drama Documentary
Living Out Ur Dreams,Umanu Ojochenemi Elijah,Wole Ojo Eucharia Anunobi Timini Egbuson Sophie Alakija,Musical Drama,Wole Ojo Eucharia Anunobi Timini Egbuson Sophie Alakija Umanu Ojochenemi Elijah Musical Drama
Introducing the Kujus,Biodun Stephen,Bisola Aiyeloa Femi Jacobs Bimbo Ademoye Timini Egbusen,Comedy Drama,Bisola Aiyeloa Femi Jacobs Bimbo Ademoye Timini Egbusen Biodun Stephen Comedy Drama
The Milkmaid,Desmond Ovbiagele,Anthonieta Kalunta Gambo Usman Kona Maryam Booth,Drama,Anthonieta Kalunta Gambo Usman Kona Maryam Booth Desmond Ovbiagele Drama
Finding Hubby,Femi Ogunsanwo,Ade Laoye Kehinde Bankole Munachi Abii Efa Iwara,Comedy Romance,Ade Laoye Kehinde Bankole Munachi Abii Efa Iwara Femi Ogunsanwo Comedy Romance
Ogbo Nke Ajuala,Uzoma Sunday Logicman,Emeka Ani Chiwetalu Agu Uzoma Sunday Logicman Dom Onu,Adventure Drama,Emeka Ani Chiwetalu Agu Uzoma Sunday Logicman Dom Onu Uzoma Sunday Logicman Adventure Drama
Lady Buckit and the Motley Monsters,Adebisi Adetayo,Bimbo Akintola Patrick Doyle Kalu Ikeagwu,Horror Thriller,Bimbo Akintola Patrick Doyle Kalu Ikeagwu Adebisi Adetayo Horror Thriller
Quam's Money,Kayode Kasum,Folarin Falana (Falz) Nse Ikpe Etim Toni Tones Williams Uchemba Michelle Dede,Action Crime Comedy,Folarin Falana (Falz) Nse Ikpe Etim Toni Tones Williams Uchemba Michelle Dede Kayode Kasum Action Crime Comedy
Son of Mercy,Amen Imasuen,Alex Ekubo Linda Osifo Kevin Ikeduba Gregory Ojefua,Drama,Alex Ekubo Linda Osifo Kevin Ikeduba Gregory Ojefua Amen Imasuen Drama
Nneka the pretty serpent,Tosin Igho,Idia Aisien Ndidi Obi Kenneth Okolie Beverly Osu Beverly Naya,Thriller Horror Fantasy Mystery,Idia Aisien Ndidi Obi Kenneth Okolie Beverly Osu Beverly Naya Tosin Igho Thriller Horror Fantasy Mystery
Omo Ghetto - The Saga,Funke Akindele Chioma Akpotha Eniola Badmus Bimbo Thomas Alex Ekubo,Funke Akindele Zubby Michael Chioma Akpotha Mercy Aigbe Nancy Isime Akah Nnani Ayo Makun Deyemi Okanlawon Timini Egbuson Yemi Alade Blossom Chukwujekwu Alexx Ekubo,Gangster Comedy Action Adventure,Funke Akindele Zubby Michael Chioma Akpotha Mercy Aigbe Nancy Isime Akah Nnani Ayo Makun Deyemi Okanlawon Timini Egbuson Yemi Alade Blossom Chukwujekwu Alexx Ekubo Funke Akindele Chioma Akpotha Eniola Badmus Bimbo Thomas Alex Ekubo Gangster Comedy Action Adventure
Day of Destiny,Akay Mason Abosi Ogba,Olumide Oworu Denola Grey Norbert Young Toyin Abraham Jide Kosoko,Sci-Fi Advenure Comedy,Olumide Oworu Denola Grey Norbert Young Toyin Abraham Jide Kosoko Akay Mason Abosi Ogba Sci-Fi Advenure Comedy
The Miracle Centre,Niyi Towolawi,Odunalade Adekola Femi Adebayo Ayo Mogaji Yemi Sodimu Afeez 'Saka' Oyetoro,Comedy,Odunalade Adekola Femi Adebayo Ayo Mogaji Yemi Sodimu Afeez 'Saka' Oyetoro Niyi Towolawi Comedy
Tanwa Savage,Geshin Salvador,Segun Arinze Timini Egbuson Bimbo Ademoye Linda Osifo,Comedy Drama,Segun Arinze Timini Egbuson Bimbo Ademoye Linda Osifo Geshin Salvador Comedy Drama
The Cleanser,James Abinibi,Kehinde Bankole Bolanle Ninalowo Alex Osifo Antar Laniyan,Thriller,Kehinde Bankole Bolanle Ninalowo Alex Osifo Antar Laniyan James Abinibi Thriller
Sanitation Day,Seyi Babatope,Blossom Chukwujekwu Elozonam Nse Ikpe Etim Elvina Ibru,Comedy Thriller,Blossom Chukwujekwu Elozonam Nse Ikpe Etim Elvina Ibru Seyi Babatope Comedy Thriller
Namaste Wahala,Hamisha Daryani Ahuja,Ini Dima-Okojie Richard Mofe-Damijo Joke Silva Jude Abaga,Romance Comedy Musical,Ini Dima-Okojie Richard Mofe-Damijo Joke Silva Jude Abaga Hamisha Daryani Ahuja Romance Comedy Musical
Still Falling,Karachi Atiya and Dimbo Atiya,Daniel Etim Effiong Sharon Ooja Kunle Remi Liz Ameye,Drama Romance,Daniel Etim Effiong Sharon Ooja Kunle Remi Liz Ameye Karachi Atiya and Dimbo Atiya Drama Romance
Fine Wine,Seyi Babatope,Richard Mofe Damijo Zainab Balogun Ego Nwosu Keppy Ekpenyong,Romance Drama Comedy,Richard Mofe Damijo Zainab Balogun Ego Nwosu Keppy Ekpenyong Seyi Babatope Romance Drama Comedy
Ponzi,Kayode Kasum,Timini Egbuson Uzoamaka Aniunoh Jide Kosoko Mawuli Gavor,Comedy,Timini Egbuson Uzoamaka Aniunoh Jide Kosoko Mawuli Gavor Kayode Kasum Comedy
Under the Carpet,Tope Alake,Iyabo Ojo Deyemi Okanlawon Femi Jacobs.,Romance Drama,Iyabo Ojo Deyemi Okanlawon Femi Jacobs. Tope Alake Romance Drama
Eagle Wings,Paul Apel Papel,Femi Jacobs Enyinna Nwigwe Yakubu Mohammed Uzee Usman,War,Femi Jacobs Enyinna Nwigwe Yakubu Mohammed Uzee Usman Paul Apel Papel War
Mamba's Diamond,Seyi Babatope,Osas Ighodaro Gabriel Afolayan Uchemba Williams Nse Ikpe-Etim,Action Comedy,Osas Ighodaro Gabriel Afolayan Uchemba Williams Nse Ikpe-Etim Seyi Babatope Action Comedy
La Femme Anjola,Mildred Okwo,Nonso Bassey Joke Silva Rita Dominic Femi Jacobs,Thriller Crime Drama,Nonso Bassey Joke Silva Rita Dominic Femi Jacobs Mildred Okwo Thriller Crime Drama
The Razz Guy,Udoka Onyeka,Nancy Isime Lasisi Elenu Broda Shaggi MC Lively,Comedy,Nancy Isime Lasisi Elenu Broda Shaggi MC Lively Udoka Onyeka Comedy
The Therapist,Kayode Kasum,Rita Dominic Michelle Dede Toyin Abraham Shaffy Bello Tope Tedela,Drama Romance Comedy,Rita Dominic Michelle Dede Toyin Abraham Shaffy Bello Tope Tedela Kayode Kasum Drama Romance Comedy
Prophetess,Niyi Akinmolayan,Toyin Abraham Lateef Adedimeji Muyiwa Ademola Tina Mba,Comedy Drama,Toyin Abraham Lateef Adedimeji Muyiwa Ademola Tina Mba Niyi Akinmolayan Comedy Drama
Breaded Life,Biodun Stephen,Timini Egbuson Bimbo Ademoye Tina Mba Jide Kosoko,Romance Comedy Drama Fantasy,Timini Egbuson Bimbo Ademoye Tina Mba Jide Kosoko Biodun Stephen Romance Comedy Drama Fantasy
Eyimofe,Ari and Chuko Esiri,Jude Akuwudike Temi Ami-Williams Cynthia Ebijie Sadiq Daba,Drama,Jude Akuwudike Temi Ami-Williams Cynthia Ebijie Sadiq Daba Ari and Chuko Esiri Drama
The Wait,Yemi Morafa,Nse Ikpe Etim Deyemi Okanlawon Jimmy Odukoya Chimezie Imo,Drama Faith,Nse Ikpe Etim Deyemi Okanlawon Jimmy Odukoya Chimezie Imo Yemi Morafa Drama Faith
Suga Suga,Richard Omos,Taiwo Obileye Ayo Adesanya Tana Adelana Wole Ojo,Comedy Cime,Taiwo Obileye Ayo Adesanya Tana Adelana Wole Ojo Richard Omos Comedy Cime
Mimi,Samuel Olatunji,Ali Baba Ireti Doyle Toyin Abraham Prince Jide Kosoko Bimbo Akintola,Romance Comedy,Ali Baba Ireti Doyle Toyin Abraham Prince Jide Kosoko Bimbo Akintola Samuel Olatunji Romance Comedy
Lockdown,Moses Inwang,Omotola Jalade-Ekeinde Tony Umez Charles Awurum Sola Sobowale Nobert Young,Action Thriller Crime,Omotola Jalade-Ekeinde Tony Umez Charles Awurum Sola Sobowale Nobert Young Moses Inwang Action Thriller Crime
My Village People,Niyi Akinmolayan,Bovi Ugboma Nkem Owoh Amaechi Muonagor Charles Inojie Rachael Oniga,Comedy,Bovi Ugboma Nkem Owoh Amaechi Muonagor Charles Inojie Rachael Oniga Niyi Akinmolayan Comedy
The New Patriots,Terry Ayebo,Akin Lewis Dele Odule Bimbo Oshin Taiwo Ibikunle Lateef Adedimeji,Politics Thriller,Akin Lewis Dele Odule Bimbo Oshin Taiwo Ibikunle Lateef Adedimeji Terry Ayebo Politics Thriller
Badamasi,Obi Emelonye,Enyinna Nwigwe Charles Inojie Sani Danja Yakubu Mohammed,History Biopic,Enyinna Nwigwe Charles Inojie Sani Danja Yakubu Mohammed Obi Emelonye History Biopic
Dwindle,Kayode Kasum Dare Olaitan,Funke Akindele-Bello Bisola Aiyeola Jidekene Achufusi Samuel Perry Uzor Arukwe,Comedy,Funke Akindele-Bello Bisola Aiyeola Jidekene Achufusi Samuel Perry Uzor Arukwe Kayode Kasum Dare Olaitan Comedy
Ayinla,Tunde Kelani,Lateef Adedimeji Bimbo Manuel Ade Laoye Kunle Afolayan Bimbo Ademoye,Music Biopic History,Lateef Adedimeji Bimbo Manuel Ade Laoye Kunle Afolayan Bimbo Ademoye Tunde Kelani Music Biopic History
Devil In Agbada,Umanu Elijah,Erica Nlewedim Linda Osifo Efe Irele,Action,Erica Nlewedim Linda Osifo Efe Irele Umanu Elijah Action
Gone,Daniel Ademinokan,Sam Dede Gabriel Afolayan Stella Damasus Ada Ameh Bimbo Manuel,Drama,Sam Dede Gabriel Afolayan Stella Damasus Ada Ameh Bimbo Manuel Daniel Ademinokan Drama
Loving Rona,Luke Aire Oyovbaire,Meg Otanwa Gideon Okeke Jeffbankz Nweke,Romance,Meg Otanwa Gideon Okeke Jeffbankz Nweke Luke Aire Oyovbaire Romance
The Ghost and the Tout Too,Michael 'Ama Psalmist' Akinrogunde,Mercy Johnson-Okojie Patience Ozokwo Iyabo Ojo Odunlade Adekola,Drama Comedy,Mercy Johnson-Okojie Patience Ozokwo Iyabo Ojo Odunlade Adekola Michael 'Ama Psalmist' Akinrogunde Drama Comedy
Love Castle,Desmond Eliott,Kehinde Bankole Jide Kosoko Zack Orji Desmond Elliot Femi Adebayo Salami,Family Drama,Kehinde Bankole Jide Kosoko Zack Orji Desmond Elliot Femi Adebayo Salami Desmond Eliott Family Drama
Charge and Bail,Uyoyou Adia,Zainab Balogun Stan Nze Elozonam Ogbolu Folu Storms Eso Dike,Comedy Drama,Zainab Balogun Stan Nze Elozonam Ogbolu Folu Storms Eso Dike Uyoyou Adia Comedy Drama
Progressive Tailors Club,Biodun Stephen,Femi Adebayo Salami Jaiye Kuti Rachel Oniga Uzor Arukwe,Politics Satire Comedy,Femi Adebayo Salami Jaiye Kuti Rachel Oniga Uzor Arukwe Biodun Stephen Politics Satire Comedy
Soole,Kayode Kasum,Sola Sobowale Adedimeji Lateef Femi Jacob Adunni Ade Shawn Faqua,Comedy Drama,Sola Sobowale Adedimeji Lateef Femi Jacob Adunni Ade Shawn Faqua Kayode Kasum Comedy Drama
A Naija Christmas,Kunle Afolayan,Rachel Oniga Abayomi Alvin Efa Iwara Kunle Remi,Comedy Romance,Rachel Oniga Abayomi Alvin Efa Iwara Kunle Remi Kunle Afolayan Comedy Romance
Aki and Pawpaw,Biodun Stephen,Chinedu Ikedieze Osita Iheme Amaechi Muonagor Toyin Abraham Chioma Okafor,Comedy Drama,Chinedu Ikedieze Osita Iheme Amaechi Muonagor Toyin Abraham Chioma Okafor Biodun Stephen Comedy Drama
Christmas in Miami,Robert Peters,AY Makun Richard Mofe-Damijo Osita Iheme John Amos.,Comedy,AY Makun Richard Mofe-Damijo Osita Iheme John Amos. Robert Peters Comedy
Superstar,Akhigbe Illozhobie,Nancy Isime Deyemi Okanlawon Timini Egbuson Daniel Etim Effiong Eku Edewor,Romance Comedy,Nancy Isime Deyemi Okanlawon Timini Egbuson Daniel Etim Effiong Eku Edewor Akhigbe Illozhobie Romance Comedy
Chief Daddy 2: Going for Broke,John Demps,Funke Akindele-Bello Nkem Owoh Patience Ozokwo Zainab Balogun Shaffy Bello,Comedy,Funke Akindele-Bello Nkem Owoh Patience Ozokwo Zainab Balogun Shaffy Bello John Demps Comedy
Over Her Dead Body,Sola Osofisan,Nse Ikpe Etim Binta Ayo Mogaji Uche Mac-Auley Patrick Fakoya Gregory Ojefua,Comedy drama,Nse Ikpe Etim Binta Ayo Mogaji Uche Mac-Auley Patrick Fakoya Gregory Ojefua Sola Osofisan Comedy drama
Juju Stories,C.J. ObasiAbba Makama Michael Omonua,Paul Utomi Timini Egbuson Adebukola Oladipupo Uzoamaka Aniunoh Michael Ejoor,Horror Drama,Paul Utomi Timini Egbuson Adebukola Oladipupo Uzoamaka Aniunoh Michael Ejoor C.J. ObasiAbba Makama Michael Omonua Horror Drama
Dinner At My Place,Kevin Apaa,Timini Egbuson Sophie Alakija Bisola Aiyeola,Comedy Romance,Timini Egbuson Sophie Alakija Bisola Aiyeola Kevin Apaa Comedy Romance
Head Over Bills,Dabby Chimere,Shaffy Bello Bimbo Ademoye Racheal Okonkwo Uzor Arukwe Mofe Duncan,Romance Drama,Shaffy Bello Bimbo Ademoye Racheal Okonkwo Uzor Arukwe Mofe Duncan Dabby Chimere Romance Drama
King of Thieves (Ogundabede),Adebayo Tijani and Tope Adebayo Salami,Toyin Abraham Femi Adebayo Salami Odunlade Adekola Ibrahim Chatta Adedimeji Lateef,Drama,Toyin Abraham Femi Adebayo Salami Odunlade Adekola Ibrahim Chatta Adedimeji Lateef Adebayo Tijani and Tope Adebayo Salami Drama
The Blood Covenant,Fiyin Gambo,Tobi Bakre Shawn Faqua Uzor Arukwe Erica Nlewedim Alexx Ekubo,Drama Thriller,Tobi Bakre Shawn Faqua Uzor Arukwe Erica Nlewedim Alexx Ekubo Fiyin Gambo Drama Thriller
The Set Up 2,Naz Onuzo,Adesua Etomi Nancy Isime Kehinde Bankole,Crime Thriller,Adesua Etomi Nancy Isime Kehinde Bankole Naz Onuzo Crime Thriller
Anikulapo,Kunle Afolayan,Bimbo Ademoye Kunle Remi Hakeem Kae-Kazim Sola Sobowale Taiwo Hassan Daithia Balogun Oga Bello Yinka Quadri,Drama Fantasy,Bimbo Ademoye Kunle Remi Hakeem Kae-Kazim Sola Sobowale Taiwo Hassan Daithia Balogun Oga Bello Yinka Quadri Kunle Afolayan Drama Fantasy
